-- MySQL dump 10.13  Distrib 8.0.45, for Linux (aarch64)
--
-- Host: localhost    Database: betcopa
-- ------------------------------------------------------
-- Server version	8.0.45

/*!40101 SET @OLD_CHARACTER_SET_CLIENT=@@CHARACTER_SET_CLIENT */;
/*!40101 SET @OLD_CHARACTER_SET_RESULTS=@@CHARACTER_SET_RESULTS */;
/*!40101 SET @OLD_COLLATION_CONNECTION=@@COLLATION_CONNECTION */;
/*!50503 SET NAMES utf8mb4 */;
/*!40103 SET @OLD_TIME_ZONE=@@TIME_ZONE */;
/*!40103 SET TIME_ZONE='+00:00' */;
/*!40014 SET @OLD_UNIQUE_CHECKS=@@UNIQUE_CHECKS, UNIQUE_CHECKS=0 */;
/*!40014 SET @OLD_FOREIGN_KEY_CHECKS=@@FOREIGN_KEY_CHECKS, FOREIGN_KEY_CHECKS=0 */;
/*!40101 SET @OLD_SQL_MODE=@@SQL_MODE, SQL_MODE='NO_AUTO_VALUE_ON_ZERO' */;
/*!40111 SET @OLD_SQL_NOTES=@@SQL_NOTES, SQL_NOTES=0 */;

--
-- Table structure for table `Aposta`
--

DROP TABLE IF EXISTS `Aposta`;
/*!40101 SET @saved_cs_client     = @@character_set_client */;
/*!50503 SET character_set_client = utf8mb4 */;
CREATE TABLE `Aposta` (
  `id` int NOT NULL AUTO_INCREMENT,
  `created_at` datetime(3) NOT NULL DEFAULT CURRENT_TIMESTAMP(3),
  `updated_at` datetime(3) NOT NULL,
  `time_a_gols` int NOT NULL,
  `time_b_gols` int NOT NULL,
  `usuario_id` int NOT NULL,
  `jogo_id` int NOT NULL,
  PRIMARY KEY (`id`),
  UNIQUE KEY `Aposta_usuario_id_jogo_id_key` (`usuario_id`,`jogo_id`),
  KEY `Aposta_jogo_id_fkey` (`jogo_id`),
  CONSTRAINT `Aposta_jogo_id_fkey` FOREIGN KEY (`jogo_id`) REFERENCES `Jogo` (`id`) ON DELETE RESTRICT ON UPDATE CASCADE,
  CONSTRAINT `Aposta_usuario_id_fkey` FOREIGN KEY (`usuario_id`) REFERENCES `Usuario` (`id`) ON DELETE RESTRICT ON UPDATE CASCADE
) ENGINE=InnoDB AUTO_INCREMENT=602 DEFAULT CHARSET=utf8mb4 COLLATE=utf8mb4_unicode_ci;
/*!40101 SET character_set_client = @saved_cs_client */;

--
-- Dumping data for table `Aposta`
--

LOCK TABLES `Aposta` WRITE;
/*!40000 ALTER TABLE `Aposta` DISABLE KEYS */;
INSERT INTO `Aposta` VALUES (3,'2026-06-10 20:39:58.022','2026-06-10 20:39:58.022',2,1,5,3),(4,'2026-06-10 20:40:29.515','2026-06-10 20:40:29.515',2,1,5,9),(5,'2026-06-10 20:43:57.508','2026-06-10 20:43:57.508',0,2,5,10),(6,'2026-06-10 20:44:16.837','2026-06-11 21:54:05.138',1,0,5,4),(7,'2026-06-10 20:44:29.810','2026-06-10 20:44:29.810',2,0,5,5),(8,'2026-06-10 20:45:02.168','2026-06-10 20:45:02.168',2,1,5,7),(9,'2026-06-10 20:45:22.520','2026-06-10 22:17:20.341',0,3,5,8),(10,'2026-06-10 22:17:52.174','2026-06-10 22:17:52.174',1,2,5,11),(11,'2026-06-11 00:38:09.582','2026-06-11 00:38:09.582',2,1,8,3),(12,'2026-06-11 00:38:45.768','2026-06-11 00:38:45.768',2,0,8,4),(13,'2026-06-11 00:38:58.007','2026-06-12 09:39:09.371',2,1,8,5),(14,'2026-06-11 00:39:22.073','2026-06-12 09:43:43.971',2,1,8,7),(15,'2026-06-11 00:40:10.860','2026-06-11 00:40:10.860',0,3,8,8),(16,'2026-06-11 00:43:42.078','2026-06-11 00:43:42.078',2,0,8,9),(17,'2026-06-11 00:54:36.658','2026-06-11 00:54:36.658',0,2,8,10),(18,'2026-06-11 00:54:41.544','2026-06-11 00:54:41.544',3,1,9,3),(19,'2026-06-11 00:54:47.774','2026-06-11 00:54:47.774',1,1,8,11),(20,'2026-06-11 00:54:59.348','2026-06-11 00:54:59.348',4,0,8,12),(21,'2026-06-11 01:02:17.981','2026-06-11 01:02:17.981',3,2,8,13),(22,'2026-06-11 01:02:40.019','2026-06-14 22:32:00.608',1,2,8,14),(23,'2026-06-11 11:15:57.649','2026-06-11 11:15:57.649',2,1,10,3),(24,'2026-06-11 11:16:53.587','2026-06-11 11:16:53.587',2,2,10,4),(25,'2026-06-11 11:49:40.145','2026-06-11 11:49:40.145',2,1,4,3),(26,'2026-06-11 12:28:23.098','2026-06-11 12:28:23.098',3,0,2,3),(27,'2026-06-11 12:28:44.713','2026-06-11 12:28:44.713',1,2,2,4),(28,'2026-06-11 14:46:48.094','2026-06-11 14:46:48.094',2,1,11,3),(29,'2026-06-11 14:47:11.325','2026-06-11 14:47:11.325',1,1,11,4),(30,'2026-06-11 14:49:45.527','2026-06-11 14:49:45.527',1,0,11,5),(31,'2026-06-11 14:50:10.240','2026-06-11 14:50:10.240',2,2,11,7),(32,'2026-06-11 16:22:17.243','2026-06-11 16:22:17.243',2,1,6,3),(33,'2026-06-11 16:22:56.893','2026-06-11 16:23:39.637',2,1,6,4),(34,'2026-06-11 16:24:07.362','2026-06-11 16:24:07.362',3,1,6,5),(35,'2026-06-11 16:25:56.449','2026-06-13 00:30:21.966',2,2,6,7),(36,'2026-06-11 16:26:54.266','2026-06-11 16:26:54.266',0,3,11,10),(37,'2026-06-11 16:27:34.757','2026-06-11 16:27:34.757',2,1,11,9),(38,'2026-06-11 16:28:01.301','2026-06-11 16:28:01.301',2,1,11,8),(39,'2026-06-11 17:21:52.499','2026-06-11 17:21:52.499',0,2,6,8),(40,'2026-06-11 17:22:03.523','2026-06-11 17:22:03.523',3,1,6,9),(41,'2026-06-11 17:22:29.349','2026-06-11 17:22:29.349',0,2,6,10),(42,'2026-06-11 17:23:12.035','2026-06-11 17:23:12.035',1,1,6,11),(43,'2026-06-11 17:23:47.360','2026-06-11 17:23:47.360',3,0,6,12),(44,'2026-06-11 17:24:06.306','2026-06-11 17:24:06.306',2,1,6,13),(45,'2026-06-11 17:25:56.195','2026-06-11 17:25:56.195',2,0,6,15),(46,'2026-06-11 17:26:59.064','2026-06-11 17:26:59.064',1,1,6,14),(47,'2026-06-11 17:27:18.402','2026-06-11 17:27:18.402',3,0,6,16),(48,'2026-06-11 17:27:44.270','2026-06-11 17:27:44.270',2,1,6,17),(49,'2026-06-11 17:28:07.745','2026-06-11 17:28:07.745',0,1,6,18),(50,'2026-06-11 17:28:26.598','2026-06-11 17:28:26.598',2,0,6,19),(51,'2026-06-11 17:28:52.002','2026-06-11 17:28:52.002',2,1,6,20),(52,'2026-06-11 17:29:05.186','2026-06-11 17:29:05.186',0,2,6,21),(53,'2026-06-11 17:29:21.213','2026-06-11 17:29:21.213',3,1,6,22),(54,'2026-06-11 17:29:46.104','2026-06-11 17:29:46.104',2,0,6,23),(55,'2026-06-11 17:30:03.958','2026-06-11 17:30:03.958',2,0,6,24),(56,'2026-06-11 17:30:21.377','2026-06-11 17:30:21.377',1,1,6,25),(57,'2026-06-11 17:30:39.840','2026-06-11 17:30:39.840',2,1,6,26),(58,'2026-06-11 17:30:59.375','2026-06-11 17:30:59.375',1,2,6,27),(59,'2026-06-11 17:32:56.971','2026-06-11 17:32:56.971',2,0,6,28),(60,'2026-06-11 17:34:28.292','2026-06-11 17:34:28.292',2,0,6,29),(61,'2026-06-11 17:35:24.768','2026-06-18 21:00:21.834',2,0,6,30),(62,'2026-06-11 17:35:54.193','2026-06-18 21:03:09.977',2,1,6,31),(63,'2026-06-11 17:36:22.665','2026-06-11 17:36:22.665',1,0,6,32),(64,'2026-06-11 17:36:50.204','2026-06-19 19:16:35.245',0,2,6,33),(65,'2026-06-11 17:37:15.068','2026-06-11 17:37:15.068',4,0,6,34),(66,'2026-06-11 18:17:50.018','2026-06-11 18:17:50.018',0,0,4,4),(67,'2026-06-11 21:55:14.028','2026-06-11 21:55:14.028',3,0,5,12),(68,'2026-06-11 21:55:33.329','2026-06-11 21:55:33.329',2,1,5,13),(69,'2026-06-11 21:56:20.302','2026-06-14 22:44:29.186',1,0,5,14),(70,'2026-06-11 21:56:43.148','2026-06-14 22:56:37.410',2,0,5,15),(71,'2026-06-11 21:56:56.391','2026-06-11 21:56:56.391',3,0,5,16),(72,'2026-06-11 22:08:54.558','2026-06-11 22:08:54.558',1,1,9,4),(73,'2026-06-11 22:09:32.382','2026-06-11 22:09:32.382',2,1,9,5),(74,'2026-06-11 22:10:00.237','2026-06-11 22:10:00.237',2,1,9,7),(75,'2026-06-11 22:10:24.472','2026-06-11 22:10:24.472',0,3,9,8),(76,'2026-06-11 22:10:46.993','2026-06-11 22:10:46.993',1,1,9,9),(77,'2026-06-11 22:11:07.475','2026-06-11 22:11:07.475',1,4,9,10),(78,'2026-06-12 00:30:32.222','2026-06-12 00:30:32.222',1,1,12,4),(79,'2026-06-12 03:36:52.355','2026-06-12 03:36:52.355',2,0,4,5),(80,'2026-06-12 10:12:27.588','2026-06-12 18:04:24.360',1,0,12,5),(81,'2026-06-12 10:12:49.518','2026-06-12 18:04:35.710',1,1,12,7),(82,'2026-06-12 11:15:38.069','2026-06-12 11:15:38.069',1,1,10,5),(83,'2026-06-12 11:18:02.107','2026-06-12 11:18:02.107',0,2,10,7),(84,'2026-06-12 14:40:10.482','2026-06-12 14:40:10.482',2,0,2,5),(85,'2026-06-12 14:42:31.528','2026-06-12 14:42:31.528',1,1,2,7),(86,'2026-06-12 14:42:47.354','2026-06-12 14:42:47.354',1,0,2,8),(87,'2026-06-12 14:42:56.208','2026-06-12 14:42:56.208',3,1,2,9),(88,'2026-06-12 14:43:30.634','2026-06-12 14:43:30.634',0,2,2,10),(89,'2026-06-12 23:01:49.749','2026-06-12 23:01:49.749',1,2,4,7),(90,'2026-06-13 02:55:25.738','2026-06-13 02:55:25.738',1,3,4,8),(91,'2026-06-13 02:55:50.736','2026-06-13 02:55:50.736',1,3,4,10),(92,'2026-06-13 02:56:09.776','2026-06-13 02:56:09.776',3,1,4,9),(93,'2026-06-13 02:56:34.706','2026-06-13 02:56:34.706',2,0,4,11),(94,'2026-06-13 02:57:11.497','2026-06-13 02:57:11.497',2,0,4,15),(95,'2026-06-13 11:21:44.820','2026-06-13 11:21:44.820',1,3,10,8),(96,'2026-06-13 11:23:24.217','2026-06-13 11:23:24.217',1,3,10,10),(97,'2026-06-13 11:24:48.626','2026-06-13 11:24:48.626',2,1,10,9),(98,'2026-06-13 11:25:16.080','2026-06-13 11:25:16.080',2,1,12,9),(99,'2026-06-13 11:25:30.224','2026-06-13 11:25:30.224',0,2,12,10),(100,'2026-06-13 11:25:48.852','2026-06-13 11:27:03.357',1,1,12,8),(101,'2026-06-13 11:26:03.376','2026-06-13 11:26:03.376',0,2,10,11),(102,'2026-06-13 11:27:15.279','2026-06-13 11:27:15.279',4,1,10,12),(103,'2026-06-13 11:28:10.308','2026-06-13 11:28:10.308',1,2,10,13),(104,'2026-06-13 11:31:04.186','2026-06-13 11:31:04.186',2,1,10,14),(105,'2026-06-13 11:32:01.594','2026-06-13 11:32:01.594',2,2,10,15),(106,'2026-06-13 14:41:10.998','2026-06-13 14:52:45.700',2,1,11,11),(107,'2026-06-13 14:49:41.411','2026-06-13 14:49:41.411',4,0,11,12),(108,'2026-06-13 14:53:47.151','2026-06-13 14:53:47.151',2,3,11,13),(109,'2026-06-13 14:54:24.076','2026-06-13 14:54:24.076',1,1,11,14),(110,'2026-06-13 14:54:53.493','2026-06-13 14:54:53.493',2,0,11,15),(111,'2026-06-13 17:12:46.122','2026-06-13 17:12:46.122',3,0,11,16),(112,'2026-06-13 17:13:00.293','2026-06-13 17:13:00.293',1,0,11,17),(113,'2026-06-13 17:13:29.024','2026-06-13 17:13:29.024',1,2,11,18),(114,'2026-06-13 17:14:13.564','2026-06-13 17:14:13.564',0,1,11,19),(115,'2026-06-14 00:38:49.877','2026-06-14 00:38:49.877',2,1,9,11),(116,'2026-06-14 00:39:09.017','2026-06-14 00:39:09.017',4,0,9,12),(117,'2026-06-14 00:39:26.703','2026-06-14 00:39:26.703',1,2,9,13),(118,'2026-06-14 00:39:45.452','2026-06-14 00:39:45.452',2,2,9,14),(119,'2026-06-14 00:40:07.951','2026-06-14 00:40:07.951',2,0,9,15),(120,'2026-06-14 00:41:00.750','2026-06-14 00:41:00.750',3,0,9,16),(121,'2026-06-14 00:41:31.414','2026-06-14 00:41:31.414',3,2,9,17),(122,'2026-06-14 00:41:56.448','2026-06-14 00:41:56.448',1,3,9,18),(123,'2026-06-14 00:42:16.262','2026-06-14 00:42:16.262',2,1,9,19),(124,'2026-06-14 00:42:36.439','2026-06-14 00:42:36.439',3,0,9,20),(125,'2026-06-14 00:42:55.232','2026-06-14 00:42:55.232',0,2,9,21),(126,'2026-06-14 00:43:12.928','2026-06-14 00:43:12.928',2,2,9,22),(127,'2026-06-14 01:35:56.375','2026-06-14 01:35:56.375',2,0,5,17),(128,'2026-06-14 01:36:12.035','2026-06-15 21:05:33.362',1,2,5,18),(129,'2026-06-14 01:36:31.114','2026-06-14 01:36:31.114',1,1,5,19),(130,'2026-06-14 01:36:44.627','2026-06-14 01:36:44.627',3,1,5,20),(131,'2026-06-14 01:37:02.679','2026-06-14 01:37:02.679',0,2,5,21),(132,'2026-06-14 01:37:16.154','2026-06-17 00:02:37.732',3,0,5,22),(133,'2026-06-14 02:36:38.965','2026-06-14 02:36:38.965',3,0,4,12),(134,'2026-06-14 02:36:57.038','2026-06-14 02:36:57.038',2,1,4,13),(135,'2026-06-14 02:37:32.385','2026-06-14 02:37:32.385',0,1,4,14),(136,'2026-06-14 03:06:09.078','2026-06-14 03:06:09.078',0,1,2,11),(137,'2026-06-14 03:06:21.494','2026-06-14 03:06:21.494',4,0,2,12),(138,'2026-06-14 03:06:31.547','2026-06-14 03:06:31.547',2,1,2,13),(139,'2026-06-14 03:06:42.462','2026-06-14 03:06:42.462',1,2,2,14),(140,'2026-06-14 03:06:51.548','2026-06-14 03:06:51.548',1,1,2,15),(141,'2026-06-14 05:42:29.900','2026-06-14 05:42:29.900',2,0,8,15),(142,'2026-06-14 05:42:52.479','2026-06-15 10:48:30.037',5,0,8,16),(143,'2026-06-14 05:43:17.280','2026-06-14 05:43:17.280',2,1,8,17),(144,'2026-06-14 05:43:41.025','2026-06-14 05:43:41.025',0,3,8,18),(145,'2026-06-14 05:45:05.022','2026-06-15 23:46:01.098',2,0,8,19),(146,'2026-06-14 05:45:59.942','2026-06-16 09:35:42.938',3,1,8,20),(147,'2026-06-14 05:46:30.362','2026-06-14 05:46:30.362',1,2,8,21),(148,'2026-06-14 05:46:57.737','2026-06-16 23:02:20.885',3,0,8,22),(149,'2026-06-14 05:59:43.131','2026-06-14 05:59:43.131',1,0,5,23),(150,'2026-06-14 05:59:56.895','2026-06-14 05:59:56.895',2,0,5,24),(151,'2026-06-14 11:13:16.187','2026-06-14 11:13:16.187',2,1,8,23),(152,'2026-06-14 11:13:53.190','2026-06-14 11:13:53.190',2,0,8,24),(153,'2026-06-14 11:14:31.554','2026-06-14 11:14:31.554',3,1,8,25),(154,'2026-06-14 11:15:19.151','2026-06-17 14:09:55.841',1,1,8,26),(155,'2026-06-14 11:15:47.668','2026-06-14 11:15:47.668',1,3,8,27),(156,'2026-06-14 11:17:21.615','2026-06-14 11:17:21.615',2,0,8,28),(157,'2026-06-14 11:26:31.393','2026-06-14 11:26:31.393',3,0,12,12),(158,'2026-06-14 11:26:42.452','2026-06-14 11:26:42.452',2,1,12,17),(159,'2026-06-14 11:26:51.826','2026-06-15 20:02:52.744',1,2,12,18),(160,'2026-06-14 11:27:33.344','2026-06-14 11:27:33.344',1,1,12,13),(161,'2026-06-14 11:27:52.471','2026-06-14 11:27:52.471',2,1,12,14),(162,'2026-06-14 11:28:05.225','2026-06-14 11:28:19.706',2,0,12,15),(163,'2026-06-14 11:28:42.796','2026-06-14 11:28:42.796',3,0,12,16),(164,'2026-06-14 11:29:00.744','2026-06-15 20:02:43.705',1,0,12,19),(165,'2026-06-14 11:29:58.661','2026-06-19 13:26:58.642',0,2,12,39),(166,'2026-06-14 22:17:46.082','2026-06-14 22:17:46.082',2,0,10,16),(167,'2026-06-14 22:19:06.938','2026-06-14 22:19:06.938',2,1,10,17),(168,'2026-06-14 22:20:03.435','2026-06-14 22:20:03.435',1,1,10,18),(169,'2026-06-14 22:20:50.825','2026-06-14 22:20:50.825',1,0,10,19),(170,'2026-06-15 02:30:29.067','2026-06-15 02:30:29.067',3,0,4,16),(171,'2026-06-15 02:30:59.301','2026-06-15 02:30:59.301',2,0,4,17),(172,'2026-06-15 02:31:21.000','2026-06-15 02:31:21.000',0,3,4,18),(173,'2026-06-15 02:31:45.954','2026-06-15 02:31:45.954',0,2,4,19),(174,'2026-06-15 02:32:18.424','2026-06-15 02:32:18.424',1,0,4,23),(175,'2026-06-15 10:24:49.537','2026-06-16 11:54:04.964',3,1,12,20),(176,'2026-06-15 10:25:07.263','2026-06-15 10:25:07.263',1,2,12,21),(177,'2026-06-15 10:25:17.995','2026-06-16 23:57:16.350',2,1,12,22),(178,'2026-06-15 10:55:38.088','2026-06-15 10:55:38.088',3,0,2,16),(179,'2026-06-15 10:55:47.564','2026-06-15 10:55:47.564',2,1,2,17),(180,'2026-06-15 10:56:07.857','2026-06-15 10:56:07.857',1,1,2,18),(181,'2026-06-15 10:56:24.332','2026-06-15 10:56:24.332',1,0,2,19),(182,'2026-06-15 18:02:08.486','2026-06-15 18:02:08.486',2,1,5,25),(183,'2026-06-15 18:02:28.301','2026-06-15 18:02:28.301',2,0,5,26),(184,'2026-06-15 18:02:48.413','2026-06-15 18:02:48.413',0,2,5,27),(185,'2026-06-15 18:03:09.505','2026-06-18 15:02:17.205',1,2,5,28),(186,'2026-06-15 20:51:35.919','2026-06-15 20:52:10.597',4,1,2,20),(187,'2026-06-15 20:51:43.959','2026-06-15 20:51:43.959',1,2,2,21),(188,'2026-06-15 20:51:56.696','2026-06-15 20:51:56.696',4,1,2,22),(189,'2026-06-16 01:22:08.375','2026-06-16 01:22:08.375',4,1,4,20),(190,'2026-06-16 01:22:55.970','2026-06-16 01:22:55.970',0,3,4,21),(191,'2026-06-16 01:23:18.002','2026-06-16 01:23:18.002',3,1,4,22),(192,'2026-06-16 01:23:39.658','2026-06-17 15:59:52.413',3,1,4,24),(193,'2026-06-16 01:23:57.633','2026-06-17 16:00:16.139',2,1,4,25),(194,'2026-06-16 01:24:15.254','2026-06-17 22:42:33.252',2,1,4,26),(195,'2026-06-16 01:24:34.101','2026-06-16 01:24:34.101',0,2,4,27),(196,'2026-06-16 01:24:56.851','2026-06-16 01:24:56.851',1,2,4,28),(197,'2026-06-16 01:25:16.311','2026-06-16 01:25:16.311',3,1,4,29),(198,'2026-06-16 01:39:45.616','2026-06-16 01:39:45.616',2,1,11,20),(199,'2026-06-16 01:40:18.902','2026-06-16 01:40:18.902',1,1,11,21),(200,'2026-06-16 01:40:54.828','2026-06-17 00:01:39.144',3,0,11,22),(201,'2026-06-16 02:03:36.058','2026-06-18 16:44:19.367',2,0,5,29),(202,'2026-06-16 09:48:05.627','2026-06-16 09:48:05.627',1,1,11,23),(203,'2026-06-16 09:49:38.164','2026-06-16 09:49:38.164',3,1,11,24),(204,'2026-06-16 09:50:38.830','2026-06-16 09:50:38.830',1,2,11,25),(205,'2026-06-16 09:51:09.835','2026-06-16 09:51:09.835',1,0,11,26),(206,'2026-06-16 09:51:55.282','2026-06-16 09:51:55.282',0,2,11,27),(207,'2026-06-16 09:52:17.177','2026-06-16 09:52:17.177',3,1,10,20),(208,'2026-06-16 09:53:11.347','2026-06-16 09:53:11.347',2,2,10,21),(209,'2026-06-16 09:53:50.210','2026-06-16 09:53:50.210',2,0,10,22),(210,'2026-06-16 09:54:38.011','2026-06-16 09:54:38.011',2,1,10,23),(211,'2026-06-16 11:50:37.709','2026-06-17 01:31:16.337',2,1,12,23),(212,'2026-06-16 11:50:57.086','2026-06-17 10:26:58.083',3,1,12,24),(213,'2026-06-16 12:18:43.760','2026-06-16 12:18:51.702',2,0,2,23),(214,'2026-06-16 12:19:01.870','2026-06-16 12:19:01.870',3,1,2,24),(215,'2026-06-16 12:19:16.474','2026-06-16 12:19:16.474',1,1,2,25),(216,'2026-06-16 12:19:26.081','2026-06-16 12:19:26.081',1,2,2,26),(217,'2026-06-16 12:19:34.048','2026-06-16 12:19:34.048',0,2,2,27),(218,'2026-06-16 20:35:01.467','2026-06-16 20:35:01.467',1,1,10,24),(219,'2026-06-16 20:35:50.513','2026-06-16 20:35:50.513',1,2,10,25),(220,'2026-06-16 20:36:43.133','2026-06-16 20:36:43.133',1,0,10,26),(221,'2026-06-16 20:37:41.414','2026-06-16 20:37:41.414',0,2,10,27),(222,'2026-06-16 23:42:21.964','2026-06-16 23:42:21.964',2,1,9,23),(223,'2026-06-16 23:42:40.799','2026-06-16 23:42:40.799',3,1,9,24),(224,'2026-06-16 23:43:01.500','2026-06-16 23:43:01.500',1,1,9,25),(225,'2026-06-16 23:43:26.298','2026-06-16 23:43:26.298',2,1,9,26),(226,'2026-06-16 23:43:45.667','2026-06-16 23:43:45.667',0,3,9,27),(227,'2026-06-16 23:44:09.205','2026-06-16 23:44:09.205',2,2,9,28),(228,'2026-06-16 23:44:27.243','2026-06-16 23:44:27.243',2,1,9,29),(229,'2026-06-16 23:44:49.478','2026-06-16 23:44:49.478',3,1,9,30),(230,'2026-06-16 23:45:08.443','2026-06-16 23:45:08.443',2,2,9,31),(231,'2026-06-16 23:45:45.373','2026-06-16 23:45:45.373',2,1,9,32),(232,'2026-06-16 23:46:08.645','2026-06-16 23:46:08.645',2,2,9,33),(233,'2026-06-16 23:46:34.189','2026-06-16 23:46:34.189',3,1,9,34),(234,'2026-06-16 23:46:59.482','2026-06-16 23:46:59.482',1,2,9,35),(235,'2026-06-16 23:47:21.351','2026-06-16 23:47:21.351',1,1,9,36),(236,'2026-06-16 23:47:40.802','2026-06-16 23:47:40.802',3,0,9,37),(237,'2026-06-16 23:48:06.541','2026-06-16 23:48:06.541',4,0,9,38),(238,'2026-06-16 23:48:27.312','2026-06-16 23:48:27.312',1,2,9,39),(239,'2026-06-16 23:48:48.664','2026-06-16 23:48:48.664',2,1,9,40),(240,'2026-06-16 23:49:09.942','2026-06-16 23:49:09.942',3,2,9,41),(241,'2026-06-16 23:49:31.752','2026-06-16 23:49:31.752',1,1,9,44),(242,'2026-06-16 23:49:55.100','2026-06-16 23:49:55.100',0,3,9,45),(243,'2026-06-17 00:03:30.948','2026-06-17 00:03:30.948',2,0,5,30),(244,'2026-06-17 00:03:47.732','2026-06-17 00:03:47.732',1,1,5,31),(245,'2026-06-17 09:44:20.335','2026-06-17 09:44:20.335',2,1,5,32),(246,'2026-06-17 09:44:45.022','2026-06-17 09:44:45.022',1,2,5,33),(247,'2026-06-17 09:45:16.521','2026-06-17 09:45:16.521',3,0,5,34),(248,'2026-06-17 09:45:38.627','2026-06-17 09:45:38.627',1,2,5,35),(249,'2026-06-17 09:46:14.681','2026-06-17 09:46:14.681',3,0,5,38),(250,'2026-06-17 09:46:31.909','2026-06-17 09:46:31.909',2,1,5,36),(251,'2026-06-17 09:47:08.201','2026-06-17 09:47:08.201',2,1,5,37),(252,'2026-06-17 10:27:15.439','2026-06-17 10:27:15.439',2,1,12,25),(253,'2026-06-17 10:28:38.883','2026-06-18 01:43:02.989',0,2,12,27),(254,'2026-06-17 10:29:10.907','2026-06-17 10:37:19.570',1,1,12,26),(255,'2026-06-17 13:26:02.118','2026-06-17 13:26:02.118',1,1,4,30),(256,'2026-06-17 13:26:19.244','2026-06-17 13:26:19.244',2,1,4,31),(257,'2026-06-17 13:26:41.121','2026-06-17 13:26:41.121',2,1,4,32),(258,'2026-06-17 21:05:38.123','2026-06-18 12:16:51.221',2,1,12,28),(259,'2026-06-17 21:05:53.091','2026-06-18 17:58:55.732',2,1,12,29),(260,'2026-06-17 21:06:41.601','2026-06-18 01:03:15.585',1,2,12,31),(261,'2026-06-18 00:02:33.213','2026-06-18 00:02:33.213',0,2,5,39),(262,'2026-06-18 00:03:01.327','2026-06-18 00:03:01.327',2,0,5,40),(263,'2026-06-18 00:03:12.494','2026-06-18 00:03:12.494',2,0,5,41),(264,'2026-06-18 00:03:33.440','2026-06-18 00:03:33.440',3,0,5,44),(265,'2026-06-18 00:03:54.567','2026-06-18 00:03:54.567',1,1,5,45),(266,'2026-06-18 00:04:12.665','2026-06-22 03:02:44.054',3,1,5,46),(267,'2026-06-18 00:04:27.005','2026-06-18 00:04:27.005',3,0,5,47),(268,'2026-06-18 01:03:02.081','2026-06-18 01:03:02.081',1,1,12,30),(269,'2026-06-18 01:18:47.059','2026-06-18 01:18:47.059',2,0,11,28),(270,'2026-06-18 01:19:15.261','2026-06-18 01:19:15.261',1,0,11,29),(271,'2026-06-18 01:19:46.853','2026-06-18 01:19:46.853',2,1,11,30),(272,'2026-06-18 01:20:12.290','2026-06-18 01:20:12.290',2,0,11,31),(273,'2026-06-18 01:20:35.146','2026-06-18 01:20:35.146',3,1,11,32),(274,'2026-06-18 01:20:48.661','2026-06-18 01:20:48.661',1,1,11,33),(275,'2026-06-18 01:21:35.058','2026-06-18 01:21:35.058',4,0,11,34),(276,'2026-06-18 08:59:42.906','2026-06-18 08:59:42.906',2,1,10,28),(277,'2026-06-18 09:01:00.207','2026-06-18 09:01:00.207',1,1,10,29),(278,'2026-06-18 09:03:01.349','2026-06-18 09:03:01.349',2,0,10,30),(279,'2026-06-18 09:04:06.584','2026-06-18 09:04:06.584',3,2,10,31),(280,'2026-06-18 09:04:58.912','2026-06-18 09:04:58.912',2,2,10,32),(281,'2026-06-18 09:44:21.196','2026-06-18 09:44:21.196',2,0,8,29),(282,'2026-06-18 09:44:56.817','2026-06-18 09:44:56.817',1,2,8,30),(283,'2026-06-18 09:45:14.943','2026-06-18 09:45:14.943',2,1,8,31),(284,'2026-06-18 09:45:41.945','2026-06-18 09:45:41.945',2,1,8,32),(285,'2026-06-18 09:46:04.202','2026-06-18 09:46:04.202',0,2,8,33),(286,'2026-06-18 09:46:23.736','2026-06-19 19:17:06.396',4,1,8,34),(287,'2026-06-18 09:47:24.346','2026-06-18 09:47:24.346',2,1,8,35),(288,'2026-06-18 09:49:52.108','2026-06-18 09:49:52.108',2,3,8,36),(289,'2026-06-18 09:50:14.300','2026-06-18 09:50:14.300',3,1,8,37),(290,'2026-06-18 09:50:55.096','2026-06-18 09:50:55.096',3,1,8,38),(291,'2026-06-18 11:33:55.274','2026-06-18 11:33:55.274',1,2,4,33),(292,'2026-06-18 11:34:47.195','2026-06-18 11:34:47.195',3,1,4,34),(293,'2026-06-18 12:03:04.478','2026-06-18 12:03:04.478',1,2,2,28),(294,'2026-06-18 12:16:20.941','2026-06-18 12:16:30.127',2,1,2,29),(295,'2026-06-18 12:16:49.158','2026-06-18 12:16:49.158',0,2,2,30),(296,'2026-06-18 12:16:56.328','2026-06-18 12:16:56.328',3,0,2,31),(297,'2026-06-19 06:22:50.040','2026-06-19 06:22:50.040',1,3,10,33),(298,'2026-06-19 06:23:45.024','2026-06-19 06:23:45.024',3,0,10,34),(299,'2026-06-19 06:25:01.006','2026-06-19 06:25:01.006',1,1,10,35),(300,'2026-06-19 06:26:32.652','2026-06-19 06:26:32.652',1,2,10,36),(301,'2026-06-19 06:27:36.550','2026-06-19 06:27:36.550',4,1,10,37),(302,'2026-06-19 12:00:08.227','2026-06-19 16:30:29.283',0,2,2,32),(303,'2026-06-19 12:00:17.907','2026-06-19 12:00:38.622',0,2,2,33),(304,'2026-06-19 12:00:45.885','2026-06-19 20:32:27.820',4,0,2,34),(305,'2026-06-19 13:24:38.489','2026-06-19 13:24:38.489',3,1,12,32),(306,'2026-06-19 13:24:46.748','2026-06-19 13:24:46.748',1,2,12,33),(307,'2026-06-19 13:24:54.351','2026-06-19 15:05:45.387',3,1,12,34),(308,'2026-06-19 13:26:14.461','2026-06-19 13:26:14.461',2,1,12,35),(309,'2026-06-19 17:56:05.493','2026-06-19 17:56:05.493',2,1,11,36),(310,'2026-06-19 17:56:30.068','2026-06-19 17:56:30.068',3,1,11,37),(311,'2026-06-19 17:56:50.183','2026-06-19 17:56:50.183',2,0,11,38),(312,'2026-06-19 17:57:28.601','2026-06-19 17:57:28.601',0,2,11,39),(313,'2026-06-19 17:57:45.583','2026-06-19 17:57:45.583',2,0,11,40),(314,'2026-06-19 17:58:09.254','2026-06-19 17:58:09.254',2,1,11,41),(315,'2026-06-19 17:58:36.283','2026-06-19 17:58:36.283',3,0,11,44),(316,'2026-06-19 17:58:54.025','2026-06-19 17:58:54.025',1,2,11,45),(317,'2026-06-19 21:38:05.914','2026-06-19 21:38:05.914',0,2,4,35),(318,'2026-06-19 21:41:05.350','2026-06-19 21:41:05.350',1,2,4,36),(319,'2026-06-19 21:42:53.589','2026-06-19 21:42:53.589',4,0,4,37),(320,'2026-06-19 21:43:21.926','2026-06-19 21:43:21.926',0,0,4,38),(321,'2026-06-19 21:44:31.844','2026-06-19 21:44:31.844',0,2,4,39),(322,'2026-06-20 06:04:09.403','2026-06-20 06:04:09.403',3,1,10,38),(323,'2026-06-20 06:04:38.009','2026-06-20 06:04:38.009',0,2,10,39),(324,'2026-06-20 06:05:06.487','2026-06-20 06:05:06.487',2,0,10,40),(325,'2026-06-20 06:05:33.491','2026-06-20 06:05:33.491',1,1,10,41),(326,'2026-06-20 13:34:32.232','2026-06-20 13:34:32.232',2,1,6,36),(327,'2026-06-20 13:35:04.293','2026-06-20 13:35:04.293',3,1,6,37),(328,'2026-06-20 13:35:48.304','2026-06-20 13:35:48.304',3,0,6,38),(329,'2026-06-20 13:37:26.259','2026-06-20 13:37:26.259',0,2,6,39),(330,'2026-06-20 13:38:46.168','2026-06-20 13:38:46.168',3,0,6,40),(331,'2026-06-20 13:39:19.999','2026-06-20 13:39:19.999',2,1,6,41),(332,'2026-06-20 13:39:46.443','2026-06-20 13:39:46.443',2,0,6,44),(333,'2026-06-20 13:40:23.454','2026-06-20 13:40:23.454',1,2,6,45),(334,'2026-06-20 13:41:40.211','2026-06-20 13:41:40.211',2,0,6,46),(335,'2026-06-20 13:42:04.413','2026-06-20 13:42:04.413',3,0,6,47),(336,'2026-06-20 13:42:26.811','2026-06-20 13:42:26.811',2,1,6,48),(337,'2026-06-20 13:43:04.399','2026-06-20 13:43:04.399',0,2,6,49),(338,'2026-06-20 13:43:47.438','2026-06-20 13:43:47.438',3,0,6,50),(339,'2026-06-20 13:44:06.210','2026-06-20 13:44:06.210',2,0,6,51),(340,'2026-06-20 13:44:35.378','2026-06-20 13:44:35.378',0,2,6,52),(341,'2026-06-20 13:44:58.744','2026-06-20 13:44:58.744',2,0,6,53),(342,'2026-06-20 13:58:26.068','2026-06-20 13:58:26.068',2,1,2,36),(343,'2026-06-20 13:58:38.445','2026-06-20 13:58:38.445',5,0,2,37),(344,'2026-06-20 13:58:50.951','2026-06-20 13:58:50.951',2,0,2,38),(345,'2026-06-20 13:58:59.971','2026-06-20 13:58:59.971',0,2,2,39),(346,'2026-06-20 13:59:08.524','2026-06-20 13:59:08.524',3,1,2,40),(347,'2026-06-20 13:59:19.518','2026-06-20 13:59:19.518',2,0,2,41),(348,'2026-06-20 13:59:27.454','2026-06-20 13:59:27.454',1,0,2,44),(349,'2026-06-20 13:59:35.140','2026-06-20 13:59:35.140',0,2,2,45),(350,'2026-06-20 15:18:06.103','2026-06-20 15:18:06.103',2,2,12,36),(351,'2026-06-20 15:19:05.501','2026-06-20 15:20:59.444',2,1,12,37),(352,'2026-06-20 15:20:03.985','2026-06-20 15:20:03.985',2,0,12,38),(353,'2026-06-20 20:49:43.562','2026-06-20 20:49:43.562',2,0,4,40),(354,'2026-06-20 20:49:59.917','2026-06-20 20:49:59.917',1,0,4,41),(355,'2026-06-20 20:50:47.496','2026-06-20 20:50:47.496',3,0,4,44),(356,'2026-06-20 20:51:10.203','2026-06-20 20:51:10.203',2,0,4,45),(357,'2026-06-20 20:51:23.944','2026-06-20 20:51:23.944',3,1,4,46),(358,'2026-06-20 20:52:02.242','2026-06-20 20:52:02.242',3,0,4,47),(359,'2026-06-20 20:52:24.956','2026-06-20 20:52:24.956',2,0,4,48),(360,'2026-06-20 20:52:38.435','2026-06-20 20:52:38.435',0,1,4,49),(361,'2026-06-20 20:52:57.885','2026-06-20 20:52:57.885',2,0,4,50),(362,'2026-06-21 09:27:59.886','2026-06-21 09:27:59.886',2,1,5,48),(363,'2026-06-21 09:28:23.495','2026-06-23 01:18:36.696',1,2,5,49),(364,'2026-06-21 09:28:38.444','2026-06-21 09:28:38.444',2,0,5,50),(365,'2026-06-21 12:13:19.565','2026-06-21 12:13:19.565',3,1,8,40),(366,'2026-06-21 12:15:27.882','2026-06-21 12:15:27.882',2,1,8,41),(367,'2026-06-21 12:15:48.278','2026-06-21 12:15:48.278',2,0,8,44),(368,'2026-06-21 12:16:06.715','2026-06-22 00:22:19.764',1,3,8,45),(369,'2026-06-21 12:16:47.280','2026-06-21 12:16:47.280',3,1,8,46),(370,'2026-06-21 12:17:20.515','2026-06-21 12:17:20.515',4,0,8,47),(371,'2026-06-21 12:18:10.902','2026-06-21 12:18:10.902',3,1,8,48),(372,'2026-06-21 12:20:21.957','2026-06-21 12:20:21.957',1,2,8,49),(373,'2026-06-21 12:20:44.093','2026-06-21 12:20:44.093',3,0,8,50),(374,'2026-06-21 12:21:07.567','2026-06-21 12:21:07.567',3,0,8,51),(375,'2026-06-21 12:21:29.017','2026-06-21 12:21:29.017',1,2,8,52),(376,'2026-06-21 12:22:02.286','2026-06-21 12:22:02.286',2,0,8,53),(377,'2026-06-21 12:23:48.601','2026-06-21 12:23:48.601',2,1,8,54),(378,'2026-06-21 12:24:31.868','2026-06-21 12:24:31.868',1,2,8,55),(379,'2026-06-21 12:25:08.660','2026-06-21 12:25:08.660',3,0,8,56),(380,'2026-06-21 12:25:38.810','2026-06-21 12:25:38.810',1,3,8,57),(381,'2026-06-21 12:26:01.325','2026-06-21 12:26:01.325',1,2,8,58),(382,'2026-06-21 12:26:35.665','2026-06-21 12:26:35.665',2,2,8,59),(383,'2026-06-21 12:31:34.935','2026-06-21 12:31:34.935',1,2,8,60),(384,'2026-06-21 12:32:15.976','2026-06-25 13:09:38.308',2,3,8,61),(385,'2026-06-21 12:32:41.844','2026-06-21 12:32:41.844',0,2,8,62),(386,'2026-06-21 12:33:17.464','2026-06-21 12:33:17.464',2,1,8,63),(387,'2026-06-21 12:33:50.206','2026-06-25 13:12:42.006',1,3,8,64),(388,'2026-06-21 12:36:07.148','2026-06-21 12:36:07.148',1,0,8,65),(389,'2026-06-21 16:14:14.450','2026-06-21 16:14:14.450',2,1,12,41),(390,'2026-06-21 16:14:45.815','2026-06-21 16:14:45.815',1,0,12,44),(391,'2026-06-21 16:15:16.345','2026-06-21 16:15:16.345',1,2,12,45),(392,'2026-06-21 16:40:33.063','2026-06-21 16:40:33.063',0,1,10,44),(393,'2026-06-21 16:41:06.235','2026-06-21 16:41:06.235',1,2,10,45),(394,'2026-06-21 16:42:03.313','2026-06-21 16:42:03.313',2,2,10,46),(395,'2026-06-21 16:42:52.888','2026-06-21 16:42:52.888',3,0,10,47),(396,'2026-06-22 00:40:19.352','2026-06-22 00:40:19.352',3,1,9,46),(397,'2026-06-22 00:40:40.033','2026-06-22 00:40:40.033',3,1,9,47),(398,'2026-06-22 00:41:28.646','2026-06-22 00:41:28.646',2,2,9,48),(399,'2026-06-22 00:42:20.224','2026-06-22 00:42:20.224',1,1,9,49),(400,'2026-06-22 00:42:45.997','2026-06-22 00:42:45.997',3,0,9,50),(401,'2026-06-22 00:43:19.820','2026-06-22 00:43:19.820',2,1,9,51),(402,'2026-06-22 00:44:26.242','2026-06-22 00:44:26.242',0,3,9,52),(403,'2026-06-22 00:45:01.957','2026-06-22 00:45:01.957',2,0,9,53),(404,'2026-06-22 00:46:27.118','2026-06-22 00:46:27.118',1,1,9,54),(405,'2026-06-22 03:03:39.705','2026-06-22 03:03:39.705',3,1,5,51),(406,'2026-06-22 03:03:56.297','2026-06-22 03:03:56.297',0,2,5,52),(407,'2026-06-22 03:04:13.175','2026-06-22 03:04:13.175',2,0,5,53),(408,'2026-06-22 03:04:32.128','2026-06-24 14:44:43.292',2,1,5,54),(409,'2026-06-22 03:04:47.748','2026-06-22 03:04:47.748',2,1,5,55),(410,'2026-06-22 03:05:04.819','2026-06-22 03:05:04.819',3,0,5,56),(411,'2026-06-22 03:05:27.901','2026-06-22 03:05:27.901',0,2,5,57),(412,'2026-06-22 03:05:46.453','2026-06-22 03:05:46.453',0,2,5,58),(413,'2026-06-22 03:06:08.440','2026-06-22 03:06:08.440',1,2,5,59),(414,'2026-06-22 03:06:28.559','2026-06-25 06:29:18.968',0,2,5,60),(415,'2026-06-22 09:48:46.743','2026-06-22 09:48:46.743',2,1,11,46),(416,'2026-06-22 09:49:09.818','2026-06-22 20:49:26.795',4,0,11,47),(417,'2026-06-22 09:49:34.245','2026-06-22 09:49:34.245',2,1,11,48),(418,'2026-06-22 09:49:57.543','2026-06-22 09:49:57.543',0,1,11,49),(419,'2026-06-22 09:50:22.989','2026-06-22 09:50:22.989',2,0,11,50),(420,'2026-06-22 09:52:13.702','2026-06-22 09:52:13.702',3,1,11,51),(421,'2026-06-22 09:52:34.205','2026-06-22 09:52:34.205',0,2,11,52),(422,'2026-06-22 09:53:06.147','2026-06-22 09:53:06.147',2,1,11,53),(423,'2026-06-22 10:25:06.919','2026-06-22 10:25:06.919',3,1,12,46),(424,'2026-06-22 11:56:24.966','2026-06-22 11:56:24.966',2,0,2,46),(425,'2026-06-22 11:56:35.894','2026-06-22 11:57:28.008',3,1,2,47),(426,'2026-06-22 11:56:43.258','2026-06-22 11:56:51.407',1,1,2,48),(427,'2026-06-22 14:38:44.742','2026-06-22 19:03:03.530',3,0,12,47),(428,'2026-06-22 14:39:24.252','2026-06-22 14:39:24.252',2,1,12,48),(429,'2026-06-22 14:39:57.665','2026-06-22 14:39:57.665',1,1,12,49),(430,'2026-06-22 21:30:42.609','2026-06-22 21:30:42.609',2,1,10,48),(431,'2026-06-22 21:31:18.858','2026-06-22 21:31:18.858',0,1,10,49),(432,'2026-06-22 21:32:07.761','2026-06-22 21:32:07.761',1,0,10,50),(433,'2026-06-22 21:32:43.029','2026-06-22 21:32:43.029',3,1,10,51),(434,'2026-06-23 01:18:59.691','2026-06-23 01:18:59.691',1,3,5,61),(435,'2026-06-23 01:19:15.946','2026-06-23 01:19:15.946',0,3,5,62),(436,'2026-06-23 01:47:34.382','2026-06-23 01:47:34.382',1,1,2,49),(437,'2026-06-23 01:48:10.494','2026-06-23 01:48:10.494',3,0,2,50),(438,'2026-06-23 01:48:18.676','2026-06-23 01:48:18.676',4,0,2,51),(439,'2026-06-23 01:48:26.810','2026-06-23 01:48:26.810',0,2,2,52),(440,'2026-06-23 01:48:46.759','2026-06-23 01:48:46.759',2,0,2,53),(441,'2026-06-23 10:20:22.625','2026-06-23 10:20:22.625',3,0,12,50),(442,'2026-06-23 10:21:00.316','2026-06-23 10:21:00.316',2,1,12,51),(443,'2026-06-23 10:21:31.347','2026-06-23 22:23:57.636',0,2,12,52),(444,'2026-06-23 10:22:15.080','2026-06-23 10:22:15.080',2,1,12,53),(445,'2026-06-23 12:27:05.807','2026-06-23 12:27:05.807',1,1,11,54),(446,'2026-06-23 12:27:40.115','2026-06-23 12:27:40.115',2,0,11,55),(447,'2026-06-23 12:27:54.834','2026-06-23 12:27:54.834',3,0,11,56),(448,'2026-06-23 12:28:11.514','2026-06-23 12:28:11.514',1,2,11,57),(449,'2026-06-23 12:29:01.371','2026-06-23 12:29:01.371',1,2,11,58),(450,'2026-06-23 12:29:24.514','2026-06-23 12:29:24.514',0,2,11,59),(451,'2026-06-23 16:08:25.585','2026-06-23 16:08:25.585',1,2,10,52),(452,'2026-06-23 16:09:06.987','2026-06-23 16:09:06.987',1,2,10,53),(453,'2026-06-23 16:09:40.538','2026-06-23 16:09:40.538',2,2,10,54),(454,'2026-06-23 16:10:10.398','2026-06-23 16:10:10.398',1,0,10,55),(455,'2026-06-23 16:43:53.416','2026-06-23 16:43:53.416',2,0,4,51),(456,'2026-06-23 16:44:27.873','2026-06-23 16:44:27.873',1,2,4,52),(457,'2026-06-23 16:44:45.961','2026-06-23 16:44:45.961',2,1,4,53),(458,'2026-06-23 21:09:34.673','2026-06-23 21:09:34.673',1,1,6,54),(459,'2026-06-23 21:09:52.155','2026-06-23 21:09:52.155',2,1,6,55),(460,'2026-06-23 21:10:11.234','2026-06-23 21:10:11.234',0,4,6,57),(461,'2026-06-23 21:10:41.281','2026-06-23 21:10:41.281',3,0,6,56),(462,'2026-06-23 21:11:33.950','2026-06-23 21:11:33.950',1,1,6,59),(463,'2026-06-23 21:12:26.552','2026-06-23 21:12:26.552',1,1,6,58),(464,'2026-06-23 21:13:11.982','2026-06-23 21:13:11.982',1,2,6,61),(465,'2026-06-23 21:13:44.440','2026-06-23 21:13:44.440',0,2,6,60),(466,'2026-06-23 21:14:11.310','2026-06-23 21:14:11.310',1,1,6,63),(467,'2026-06-23 21:14:26.029','2026-06-23 21:14:26.029',0,2,6,62),(468,'2026-06-23 21:14:54.487','2026-06-23 21:14:54.487',1,2,6,64),(469,'2026-06-23 21:15:11.467','2026-06-23 21:15:11.467',2,1,6,65),(470,'2026-06-23 21:16:06.929','2026-06-23 21:16:06.929',1,2,6,66),(471,'2026-06-23 21:16:21.151','2026-06-23 21:16:21.151',2,0,6,67),(472,'2026-06-23 21:16:56.944','2026-06-23 21:16:56.944',1,1,6,68),(473,'2026-06-23 21:17:15.810','2026-06-23 21:17:15.810',1,2,6,69),(474,'2026-06-23 21:17:36.125','2026-06-23 21:17:36.125',1,0,6,71),(475,'2026-06-23 21:17:54.336','2026-06-23 21:17:54.336',0,2,6,70),(476,'2026-06-23 21:18:31.180','2026-06-23 21:18:31.180',2,1,6,73),(477,'2026-06-23 21:19:05.229','2026-06-23 21:19:05.229',1,2,6,74),(478,'2026-06-23 21:19:25.778','2026-06-23 21:19:25.778',2,1,6,75),(479,'2026-06-23 21:19:52.473','2026-06-23 21:19:52.473',1,1,6,76),(480,'2026-06-23 21:20:13.396','2026-06-23 21:20:13.396',0,2,6,77),(481,'2026-06-23 21:20:54.926','2026-06-23 21:20:54.926',0,2,6,72),(482,'2026-06-23 22:09:26.526','2026-06-23 22:11:24.937',1,2,2,54),(483,'2026-06-23 22:11:36.756','2026-06-23 22:11:36.756',2,0,2,55),(484,'2026-06-23 22:11:50.167','2026-06-23 22:11:50.167',3,0,2,56),(485,'2026-06-23 22:12:02.808','2026-06-23 22:12:02.808',0,2,2,57),(486,'2026-06-23 22:12:35.824','2026-06-23 22:12:35.824',1,2,2,58),(487,'2026-06-23 22:12:50.490','2026-06-23 22:12:50.490',1,2,2,59),(488,'2026-06-23 22:32:59.700','2026-06-23 22:32:59.700',2,1,9,55),(489,'2026-06-23 22:33:47.348','2026-06-23 22:33:47.348',3,1,9,56),(490,'2026-06-23 22:34:17.806','2026-06-23 22:34:17.806',1,2,9,57),(491,'2026-06-23 22:36:34.296','2026-06-23 22:36:34.296',0,3,9,58),(492,'2026-06-23 22:37:25.130','2026-06-23 22:37:25.130',1,1,9,59),(493,'2026-06-23 22:38:26.126','2026-06-23 22:38:26.126',1,2,9,60),(494,'2026-06-23 22:39:15.265','2026-06-23 22:39:15.265',1,3,9,61),(495,'2026-06-23 22:39:58.116','2026-06-23 22:39:58.116',0,3,9,62),(496,'2026-06-23 22:40:40.144','2026-06-23 22:40:40.144',2,2,9,63),(497,'2026-06-23 22:41:36.116','2026-06-23 22:41:36.116',1,2,9,64),(498,'2026-06-23 22:42:38.945','2026-06-23 22:42:38.945',1,1,9,65),(499,'2026-06-23 22:43:32.608','2026-06-23 22:50:59.635',1,2,9,66),(500,'2026-06-23 22:44:05.503','2026-06-23 22:44:05.503',1,0,9,67),(501,'2026-06-23 22:44:50.141','2026-06-23 22:44:50.141',2,3,9,69),(502,'2026-06-23 22:45:19.313','2026-06-23 22:45:19.313',2,1,9,68),(503,'2026-06-23 22:46:10.016','2026-06-23 22:46:10.016',1,3,9,70),(504,'2026-06-23 22:47:25.558','2026-06-23 22:47:25.558',3,0,9,71),(505,'2026-06-23 22:48:05.686','2026-06-23 22:48:05.686',0,2,9,72),(506,'2026-06-23 22:49:18.788','2026-06-23 22:49:18.788',3,1,9,73),(507,'2026-06-23 22:49:52.254','2026-06-23 22:49:52.254',1,1,9,74),(508,'2026-06-23 22:50:19.820','2026-06-23 22:50:19.820',3,0,9,75),(509,'2026-06-23 22:51:35.444','2026-06-23 22:51:35.444',1,1,9,76),(510,'2026-06-23 22:52:07.185','2026-06-23 22:52:07.185',0,3,9,77),(511,'2026-06-24 02:29:30.047','2026-06-24 02:29:30.047',1,1,4,54),(512,'2026-06-24 02:29:53.677','2026-06-24 02:29:53.677',0,2,4,55),(513,'2026-06-24 02:33:18.394','2026-06-24 02:33:18.394',2,0,4,56),(514,'2026-06-24 02:33:38.299','2026-06-24 02:33:38.299',1,2,4,57),(515,'2026-06-24 02:33:58.476','2026-06-24 02:33:58.476',0,0,4,58),(516,'2026-06-24 02:34:27.122','2026-06-24 02:34:27.122',1,2,4,59),(517,'2026-06-24 07:55:02.885','2026-06-24 07:55:02.885',3,0,10,56),(518,'2026-06-24 07:55:31.543','2026-06-24 07:55:31.543',1,2,10,57),(519,'2026-06-24 07:56:15.885','2026-06-24 07:56:15.885',0,2,10,58),(520,'2026-06-24 07:56:48.549','2026-06-24 07:56:48.549',1,2,10,59),(521,'2026-06-24 07:57:27.402','2026-06-24 07:57:27.402',1,2,10,60),(522,'2026-06-24 07:58:12.867','2026-06-24 07:58:12.867',2,3,10,61),(523,'2026-06-24 11:02:06.830','2026-06-24 11:02:14.212',1,1,12,54),(524,'2026-06-24 11:02:51.761','2026-06-24 11:02:51.761',2,0,12,55),(525,'2026-06-24 11:03:31.489','2026-06-24 11:03:31.489',3,0,12,56),(526,'2026-06-24 11:04:06.873','2026-06-24 11:04:54.181',1,2,12,57),(527,'2026-06-24 11:05:10.225','2026-06-24 11:05:10.225',1,2,12,58),(528,'2026-06-24 11:05:29.086','2026-06-24 11:05:29.086',2,3,8,66),(529,'2026-06-24 11:05:51.420','2026-06-24 11:05:51.420',2,1,8,67),(530,'2026-06-24 11:05:57.547','2026-06-24 11:05:57.547',0,1,12,59),(531,'2026-06-24 11:07:24.479','2026-06-24 11:07:24.479',1,3,8,69),(532,'2026-06-24 11:08:07.833','2026-06-24 11:08:07.833',2,0,8,68),(533,'2026-06-24 11:08:40.230','2026-06-24 11:08:40.230',2,1,8,70),(534,'2026-06-24 11:09:07.418','2026-06-24 11:09:07.418',2,0,8,71),(535,'2026-06-24 11:09:34.812','2026-06-24 11:09:34.812',1,3,8,72),(536,'2026-06-24 11:09:58.764','2026-06-24 11:09:58.764',1,2,8,73),(537,'2026-06-24 11:10:29.570','2026-06-24 11:10:29.570',1,2,8,74),(538,'2026-06-24 11:11:14.356','2026-06-24 11:11:14.356',2,0,8,75),(539,'2026-06-24 11:11:51.039','2026-06-24 11:11:51.039',1,3,8,76),(540,'2026-06-24 11:12:12.437','2026-06-24 11:12:12.437',0,3,8,77),(541,'2026-06-24 14:45:06.577','2026-06-24 14:45:06.577',2,1,5,63),(542,'2026-06-24 15:06:01.877','2026-06-24 15:06:01.877',0,2,11,60),(543,'2026-06-24 15:06:45.600','2026-06-24 15:06:45.600',1,3,11,61),(544,'2026-06-24 15:07:19.504','2026-06-24 15:07:19.504',0,3,11,62),(545,'2026-06-24 15:07:46.572','2026-06-24 15:07:46.572',2,1,11,63),(546,'2026-06-24 15:08:13.116','2026-06-24 15:08:13.116',1,2,11,64),(547,'2026-06-24 15:08:37.832','2026-06-24 15:08:37.832',0,1,11,65),(548,'2026-06-24 15:09:07.908','2026-06-24 15:09:07.908',1,2,11,66),(549,'2026-06-24 15:09:40.490','2026-06-24 15:09:40.490',2,0,11,67),(550,'2026-06-24 15:10:10.343','2026-06-24 15:10:10.343',1,1,11,69),(551,'2026-06-24 15:10:39.145','2026-06-24 15:10:39.145',0,0,11,68),(552,'2026-06-24 15:11:17.723','2026-06-24 15:11:17.723',0,3,11,70),(553,'2026-06-24 15:11:46.575','2026-06-24 15:11:46.575',1,0,11,71),(554,'2026-06-24 15:12:21.560','2026-06-24 15:12:21.560',0,3,11,72),(555,'2026-06-24 15:16:45.251','2026-06-24 15:16:45.251',1,1,11,73),(556,'2026-06-24 15:17:11.688','2026-06-24 15:17:11.688',2,2,11,74),(557,'2026-06-24 15:17:41.252','2026-06-24 15:17:41.252',3,0,11,75),(558,'2026-06-24 15:18:47.520','2026-06-24 15:18:47.520',1,2,11,76),(559,'2026-06-24 15:19:18.533','2026-06-24 15:19:18.533',0,4,11,77),(560,'2026-06-24 22:43:42.652','2026-06-24 22:43:42.652',1,1,2,60),(561,'2026-06-24 22:43:50.993','2026-06-24 22:43:50.993',0,3,2,61),(562,'2026-06-24 22:43:59.731','2026-06-25 12:23:44.483',0,4,2,62),(563,'2026-06-24 22:44:10.622','2026-06-24 22:44:10.622',2,1,2,63),(564,'2026-06-24 22:44:19.433','2026-06-24 22:44:19.433',1,2,2,64),(565,'2026-06-24 22:44:26.803','2026-06-24 22:44:26.803',2,1,2,65),(566,'2026-06-24 23:59:08.468','2026-06-24 23:59:08.468',1,2,5,64),(567,'2026-06-25 00:05:28.737','2026-06-25 00:05:28.737',2,0,5,65),(568,'2026-06-25 06:30:11.398','2026-06-25 06:30:11.398',1,2,5,66),(569,'2026-06-25 06:30:35.251','2026-06-25 06:30:35.251',2,1,5,67),(570,'2026-06-25 06:31:09.040','2026-06-25 06:31:09.040',0,2,5,69),(571,'2026-06-25 06:31:38.203','2026-06-25 06:32:17.918',1,1,5,68),(572,'2026-06-25 06:32:37.392','2026-06-25 06:32:37.392',0,2,5,70),(573,'2026-06-25 06:32:59.618','2026-06-25 06:32:59.618',2,0,5,71),(574,'2026-06-25 06:33:15.884','2026-06-25 06:33:15.884',0,2,5,72),(575,'2026-06-25 06:33:29.586','2026-06-25 06:33:29.586',2,1,5,73),(576,'2026-06-25 06:33:57.062','2026-06-25 06:33:57.062',1,2,5,74),(577,'2026-06-25 06:34:26.638','2026-06-25 06:34:26.638',2,0,5,75),(578,'2026-06-25 06:34:53.371','2026-06-25 06:34:53.371',1,0,5,76),(579,'2026-06-25 06:35:11.462','2026-06-25 06:35:11.462',2,0,5,77),(580,'2026-06-25 12:22:46.148','2026-06-25 12:22:46.148',0,3,12,60),(581,'2026-06-25 12:23:33.042','2026-06-25 12:23:33.042',1,2,12,61),(582,'2026-06-25 12:24:07.244','2026-06-25 12:24:07.244',0,3,12,62),(583,'2026-06-25 12:24:58.768','2026-06-25 12:24:58.768',2,1,12,63),(584,'2026-06-25 12:25:33.443','2026-06-25 12:25:33.443',0,3,12,64),(585,'2026-06-25 12:26:12.421','2026-06-25 12:26:12.421',2,1,12,65),(586,'2026-06-25 12:28:06.321','2026-06-25 12:28:06.321',0,2,12,70),(587,'2026-06-25 12:29:48.522','2026-06-25 12:29:48.522',2,2,12,71),(588,'2026-06-25 12:51:11.715','2026-06-25 12:51:21.121',1,2,2,66),(589,'2026-06-25 12:51:33.023','2026-06-25 12:51:33.023',1,2,2,69),(590,'2026-06-25 12:51:41.952','2026-06-25 12:51:41.952',2,1,2,68),(591,'2026-06-25 12:52:18.599','2026-06-25 12:52:18.599',1,1,2,67),(592,'2026-06-25 15:01:08.863','2026-06-25 15:01:08.863',2,0,4,60),(593,'2026-06-25 15:01:46.666','2026-06-25 15:01:46.666',0,3,4,61),(594,'2026-06-25 15:02:16.235','2026-06-25 15:02:16.235',0,2,4,62),(595,'2026-06-25 15:02:45.880','2026-06-25 15:02:45.880',2,1,4,63),(596,'2026-06-25 15:03:05.925','2026-06-25 15:03:05.925',0,2,4,64),(597,'2026-06-25 15:03:22.229','2026-06-25 15:03:22.229',2,1,4,65),(598,'2026-06-25 15:03:39.422','2026-06-25 15:03:39.422',1,2,4,66),(599,'2026-06-25 15:04:09.793','2026-06-25 15:04:09.793',0,1,4,67),(600,'2026-06-25 15:04:27.996','2026-06-25 15:04:27.996',1,1,4,69),(601,'2026-06-25 15:04:53.963','2026-06-25 15:04:53.963',1,0,4,68);
/*!40000 ALTER TABLE `Aposta` ENABLE KEYS */;
UNLOCK TABLES;

--
-- Table structure for table `GrupoUsuario`
--

DROP TABLE IF EXISTS `GrupoUsuario`;
/*!40101 SET @saved_cs_client     = @@character_set_client */;
/*!50503 SET character_set_client = utf8mb4 */;
CREATE TABLE `GrupoUsuario` (
  `id` int NOT NULL AUTO_INCREMENT,
  `created_at` datetime(3) NOT NULL DEFAULT CURRENT_TIMESTAMP(3),
  `updated_at` datetime(3) NOT NULL,
  `nome` varchar(191) COLLATE utf8mb4_unicode_ci NOT NULL,
  `codigo` varchar(191) COLLATE utf8mb4_unicode_ci NOT NULL,
  `admin_id` int NOT NULL,
  PRIMARY KEY (`id`),
  UNIQUE KEY `GrupoUsuario_codigo_key` (`codigo`),
  KEY `GrupoUsuario_admin_id_fkey` (`admin_id`),
  CONSTRAINT `GrupoUsuario_admin_id_fkey` FOREIGN KEY (`admin_id`) REFERENCES `Usuario` (`id`) ON DELETE RESTRICT ON UPDATE CASCADE
) ENGINE=InnoDB AUTO_INCREMENT=6 DEFAULT CHARSET=utf8mb4 COLLATE=utf8mb4_unicode_ci;
/*!40101 SET character_set_client = @saved_cs_client */;

--
-- Dumping data for table `GrupoUsuario`
--

LOCK TABLES `GrupoUsuario` WRITE;
/*!40000 ALTER TABLE `GrupoUsuario` DISABLE KEYS */;
INSERT INTO `GrupoUsuario` VALUES (2,'2026-05-25 19:19:54.969','2026-05-25 19:19:54.969','Teste','123',3),(3,'2026-06-10 00:10:35.457','2026-06-10 00:10:35.457','Bolão Campeão','24242424',6);
/*!40000 ALTER TABLE `GrupoUsuario` ENABLE KEYS */;
UNLOCK TABLES;

--
-- Table structure for table `Jogo`
--

DROP TABLE IF EXISTS `Jogo`;
/*!40101 SET @saved_cs_client     = @@character_set_client */;
/*!50503 SET character_set_client = utf8mb4 */;
CREATE TABLE `Jogo` (
  `id` int NOT NULL AUTO_INCREMENT,
  `nome` varchar(191) COLLATE utf8mb4_unicode_ci NOT NULL,
  `created_at` datetime(3) NOT NULL DEFAULT CURRENT_TIMESTAMP(3),
  `data_hora` datetime(3) NOT NULL,
  `fase` enum('GRUPO','OITAVAS','QUARTAS','SEMIFINAL','FINAL') COLLATE utf8mb4_unicode_ci NOT NULL DEFAULT 'GRUPO',
  `time_a_gols` int DEFAULT NULL,
  `time_b_gols` int DEFAULT NULL,
  `time_a_id` int NOT NULL,
  `time_b_id` int NOT NULL,
  PRIMARY KEY (`id`),
  KEY `Jogo_time_a_id_fkey` (`time_a_id`),
  KEY `Jogo_time_b_id_fkey` (`time_b_id`),
  CONSTRAINT `Jogo_time_a_id_fkey` FOREIGN KEY (`time_a_id`) REFERENCES `Time` (`id`) ON DELETE RESTRICT ON UPDATE CASCADE,
  CONSTRAINT `Jogo_time_b_id_fkey` FOREIGN KEY (`time_b_id`) REFERENCES `Time` (`id`) ON DELETE RESTRICT ON UPDATE CASCADE
) ENGINE=InnoDB AUTO_INCREMENT=78 DEFAULT CHARSET=utf8mb4 COLLATE=utf8mb4_unicode_ci;
/*!40101 SET character_set_client = @saved_cs_client */;

--
-- Dumping data for table `Jogo`
--

LOCK TABLES `Jogo` WRITE;
/*!40000 ALTER TABLE `Jogo` DISABLE KEYS */;
INSERT INTO `Jogo` VALUES (3,'México X África do Sul','2026-06-10 20:29:37.256','2026-06-11 19:00:00.000','GRUPO',2,0,1,2),(4,'Coreia do Sul X República Tcheca','2026-06-10 20:30:07.552','2026-06-12 02:00:00.000','GRUPO',2,1,3,4),(5,'Canadá X Bósnia e Herzegovina','2026-06-10 20:30:57.042','2026-06-12 19:00:00.000','GRUPO',1,1,5,6),(7,'Estados Unidos X Paraguai','2026-06-10 20:32:41.375','2026-06-13 01:00:00.000','GRUPO',4,1,13,14),(8,'Catar X Suíça','2026-06-10 20:33:38.813','2026-06-13 19:00:00.000','GRUPO',1,1,7,8),(9,'Brasil X Marrocos','2026-06-10 20:38:16.048','2026-06-13 22:00:00.000','GRUPO',1,1,9,10),(10,'Haiti X Escócia','2026-06-10 20:38:51.727','2026-06-14 01:00:00.000','GRUPO',0,1,11,12),(11,'Austrália X Turquia','2026-06-10 21:47:21.591','2026-06-14 04:00:00.000','GRUPO',2,0,15,16),(12,'Alemanha X Curaçau','2026-06-10 21:47:59.999','2026-06-14 17:00:00.000','GRUPO',7,1,17,18),(13,'Holanda X Japão','2026-06-10 21:48:36.194','2026-06-14 20:00:00.000','GRUPO',2,2,21,22),(14,'Costa do Marfim X Equador','2026-06-10 21:49:03.452','2026-06-14 23:00:00.000','GRUPO',1,0,19,20),(15,'Suécia X Tunísia','2026-06-10 21:49:36.056','2026-06-15 02:00:00.000','GRUPO',5,1,23,24),(16,'Espanha X Cabo Verde','2026-06-10 21:50:30.541','2026-06-15 16:00:00.000','GRUPO',0,0,29,30),(17,'Bélgica X Egito','2026-06-10 21:50:54.415','2026-06-15 19:00:00.000','GRUPO',1,1,25,26),(18,'Arábia Saudita X Uruguai','2026-06-10 21:51:23.007','2026-06-15 22:00:00.000','GRUPO',1,1,31,32),(19,'RI do Irã X Nova Zelândia','2026-06-10 21:52:05.012','2026-06-16 01:00:00.000','GRUPO',2,2,27,28),(20,'França X Senegal','2026-06-10 21:52:44.958','2026-06-16 19:00:00.000','GRUPO',3,1,33,34),(21,'Iraque X Noruega','2026-06-10 21:53:19.683','2026-06-16 22:00:00.000','GRUPO',1,4,36,35),(22,'Argentina X Argélia','2026-06-10 21:53:49.594','2026-06-17 01:00:00.000','GRUPO',3,0,37,38),(23,'Áustria X Jordânia','2026-06-10 21:54:15.673','2026-06-17 04:00:00.000','GRUPO',3,1,39,40),(24,'Portugal X RD do Congo','2026-06-10 21:54:42.185','2026-06-17 17:00:00.000','GRUPO',1,1,41,42),(25,'Inglaterra X Croácia','2026-06-10 21:55:03.604','2026-06-17 20:00:00.000','GRUPO',4,2,45,46),(26,'Gana X Panamá','2026-06-10 21:55:43.174','2026-06-17 23:00:00.000','GRUPO',1,0,47,48),(27,'Uzbequistão X Colômbia','2026-06-10 21:56:06.181','2026-06-18 02:00:00.000','GRUPO',1,3,43,44),(28,'República Tcheca X África do Sul','2026-06-11 00:07:21.475','2026-06-18 16:00:00.000','GRUPO',1,1,4,2),(29,'Suíça X Bósnia e Herzegovina','2026-06-11 00:08:04.331','2026-06-18 19:00:00.000','GRUPO',4,1,8,6),(30,'Canadá X Catar','2026-06-11 00:08:55.880','2026-06-18 22:00:00.000','GRUPO',6,0,5,7),(31,'México X Coreia do Sul','2026-06-11 00:09:29.042','2026-06-19 01:00:00.000','GRUPO',1,0,1,3),(32,'Estados Unidos X Austrália','2026-06-11 00:10:03.530','2026-06-19 19:00:00.000','GRUPO',2,0,13,15),(33,'Escócia X Marrocos','2026-06-11 00:11:11.415','2026-06-19 22:00:00.000','GRUPO',0,1,12,10),(34,'Brasil X Haiti','2026-06-11 00:11:40.575','2026-06-20 00:30:00.000','GRUPO',3,0,9,11),(35,'Turquia X Paraguai','2026-06-11 00:12:11.737','2026-06-20 03:00:00.000','GRUPO',0,1,16,14),(36,'Holanda X Suécia','2026-06-11 00:13:24.720','2026-06-20 17:00:00.000','GRUPO',5,1,21,23),(37,'Alemanha X Costa do Marfim','2026-06-11 00:14:09.835','2026-06-20 20:00:00.000','GRUPO',2,1,17,19),(38,'Equador X Curaçau','2026-06-11 00:14:34.697','2026-06-21 00:00:00.000','GRUPO',0,0,20,18),(39,'Tunísia X Japão','2026-06-11 00:15:06.524','2026-06-21 04:00:00.000','GRUPO',0,4,24,22),(40,'Espanha X Arábia Saudita','2026-06-11 00:15:40.595','2026-06-21 16:00:00.000','GRUPO',4,0,29,31),(41,'Bélgica X RI do Irã','2026-06-11 00:16:08.840','2026-06-21 19:00:00.000','GRUPO',0,0,25,27),(44,'Uruguai X Cabo Verde','2026-06-11 00:18:19.585','2026-06-21 22:00:00.000','GRUPO',2,2,32,30),(45,'Nova Zelândia X Egito','2026-06-11 00:18:42.132','2026-06-22 01:00:00.000','GRUPO',1,3,28,26),(46,'Argentina X Áustria','2026-06-11 00:19:17.181','2026-06-22 17:00:00.000','GRUPO',2,0,37,39),(47,'França X Iraque','2026-06-11 00:19:44.490','2026-06-22 21:00:00.000','GRUPO',3,0,33,36),(48,'Noruega X Senegal','2026-06-11 00:20:17.719','2026-06-23 00:00:00.000','GRUPO',3,2,35,34),(49,'Jordânia X Argélia','2026-06-11 00:20:50.186','2026-06-23 03:00:00.000','GRUPO',1,2,40,38),(50,'Portugal X Uzbequistão','2026-06-11 00:21:23.504','2026-06-23 17:00:00.000','GRUPO',5,0,41,43),(51,'Inglaterra X Gana','2026-06-11 00:22:03.161','2026-06-23 20:00:00.000','GRUPO',0,0,45,47),(52,'Panamá X Croácia','2026-06-11 00:22:27.864','2026-06-23 23:00:00.000','GRUPO',0,1,48,46),(53,'Colômbia X RD do Congo','2026-06-11 00:22:53.532','2026-06-24 02:00:00.000','GRUPO',1,0,44,42),(54,'Suíça X Canadá','2026-06-11 00:23:55.273','2026-06-24 19:00:00.000','GRUPO',2,1,8,5),(55,'Bósnia e Herzegovina X Catar','2026-06-11 00:24:25.228','2026-06-24 19:00:00.000','GRUPO',3,1,6,7),(56,'Marrocos X Haiti','2026-06-11 00:24:47.388','2026-06-24 22:00:00.000','GRUPO',4,2,10,11),(57,'Escócia X Brasil','2026-06-11 00:25:12.592','2026-06-24 22:00:00.000','GRUPO',0,3,12,9),(58,'África do Sul X Coreia do Sul','2026-06-11 00:25:44.679','2026-06-25 01:00:00.000','GRUPO',1,0,2,3),(59,'República Tcheca X México','2026-06-11 00:26:08.504','2026-06-25 01:00:00.000','GRUPO',0,3,4,1),(60,'Curaçau X Costa do Marfim','2026-06-11 00:26:41.140','2026-06-25 20:00:00.000','GRUPO',NULL,NULL,18,19),(61,'Equador X Alemanha','2026-06-11 00:27:13.214','2026-06-25 20:00:00.000','GRUPO',NULL,NULL,20,17),(62,'Tunísia X Holanda','2026-06-11 00:27:39.545','2026-06-25 23:00:00.000','GRUPO',NULL,NULL,24,21),(63,'Japão X Suécia','2026-06-11 00:28:06.599','2026-06-25 23:00:00.000','GRUPO',NULL,NULL,22,23),(64,'Turquia X Estados Unidos','2026-06-11 00:28:28.267','2026-06-26 02:00:00.000','GRUPO',NULL,NULL,16,13),(65,'Paraguai X Austrália','2026-06-11 00:28:56.935','2026-06-26 02:00:00.000','GRUPO',NULL,NULL,14,15),(66,'Noruega X França','2026-06-11 00:29:41.817','2026-06-26 19:00:00.000','GRUPO',NULL,NULL,35,33),(67,'Senegal X Iraque','2026-06-11 00:30:13.031','2026-06-26 19:00:00.000','GRUPO',NULL,NULL,34,36),(68,'Cabo Verde X Arábia Saudita','2026-06-11 00:30:47.825','2026-06-27 00:00:00.000','GRUPO',NULL,NULL,30,31),(69,'Uruguai X Espanha','2026-06-11 00:31:20.941','2026-06-27 00:00:00.000','GRUPO',NULL,NULL,32,29),(70,'Nova Zelândia X Bélgica','2026-06-11 00:32:20.189','2026-06-27 03:00:00.000','GRUPO',NULL,NULL,28,25),(71,'Egito X RI do Irã','2026-06-11 00:32:50.406','2026-06-27 03:00:00.000','GRUPO',NULL,NULL,26,27),(72,'Panamá X Inglaterra','2026-06-11 00:33:27.851','2026-06-27 21:00:00.000','GRUPO',NULL,NULL,48,45),(73,'Croácia X Gana','2026-06-11 00:33:54.961','2026-06-27 21:00:00.000','GRUPO',NULL,NULL,46,47),(74,'Colômbia X Portugal','2026-06-11 00:34:45.202','2026-06-27 23:30:00.000','GRUPO',NULL,NULL,44,41),(75,'RD do Congo X Uzbequistão','2026-06-11 00:35:13.303','2026-06-27 23:30:00.000','GRUPO',NULL,NULL,42,43),(76,'Argélia X Áustria','2026-06-11 00:35:41.972','2026-06-28 02:00:00.000','GRUPO',NULL,NULL,38,39),(77,'Jordânia X Argentina','2026-06-11 00:36:05.696','2026-06-28 02:00:00.000','GRUPO',NULL,NULL,40,37);
/*!40000 ALTER TABLE `Jogo` ENABLE KEYS */;
UNLOCK TABLES;

--
-- Table structure for table `Time`
--

DROP TABLE IF EXISTS `Time`;
/*!40101 SET @saved_cs_client     = @@character_set_client */;
/*!50503 SET character_set_client = utf8mb4 */;
CREATE TABLE `Time` (
  `id` int NOT NULL AUTO_INCREMENT,
  `nome` varchar(191) COLLATE utf8mb4_unicode_ci NOT NULL,
  `bandeira` varchar(191) COLLATE utf8mb4_unicode_ci NOT NULL,
  `grupo` varchar(191) COLLATE utf8mb4_unicode_ci NOT NULL DEFAULT '',
  PRIMARY KEY (`id`)
) ENGINE=InnoDB AUTO_INCREMENT=49 DEFAULT CHARSET=utf8mb4 COLLATE=utf8mb4_unicode_ci;
/*!40101 SET character_set_client = @saved_cs_client */;

--
-- Dumping data for table `Time`
--

LOCK TABLES `Time` WRITE;
/*!40000 ALTER TABLE `Time` DISABLE KEYS */;
INSERT INTO `Time` VALUES (1,'México','https://flagcdn.com/mx.svg','A'),(2,'África do Sul','https://flagcdn.com/za.svg','A'),(3,'Coreia do Sul','https://flagcdn.com/kr.svg','A'),(4,'República Tcheca','https://flagcdn.com/cz.svg','A'),(5,'Canadá','https://flagcdn.com/ca.svg','B'),(6,'Bósnia e Herzegovina','https://flagcdn.com/ba.svg','B'),(7,'Catar','https://flagcdn.com/qa.svg','B'),(8,'Suíça','https://flagcdn.com/ch.svg','B'),(9,'Brasil','https://flagcdn.com/br.svg','C'),(10,'Marrocos','https://flagcdn.com/ma.svg','C'),(11,'Haiti','https://flagcdn.com/ht.svg','C'),(12,'Escócia','https://flagcdn.com/gb-sct.svg','C'),(13,'Estados Unidos','https://flagcdn.com/us.svg','D'),(14,'Paraguai','https://flagcdn.com/py.svg','D'),(15,'Austrália','https://flagcdn.com/au.svg','D'),(16,'Turquia','https://flagcdn.com/tr.svg','D'),(17,'Alemanha','https://flagcdn.com/de.svg','E'),(18,'Curaçau','https://flagcdn.com/cw.svg','E'),(19,'Costa do Marfim','https://flagcdn.com/ci.svg','E'),(20,'Equador','https://flagcdn.com/ec.svg','E'),(21,'Holanda','https://flagcdn.com/nl.svg','F'),(22,'Japão','https://flagcdn.com/jp.svg','F'),(23,'Suécia','https://flagcdn.com/se.svg','F'),(24,'Tunísia','https://flagcdn.com/tn.svg','F'),(25,'Bélgica','https://flagcdn.com/be.svg','G'),(26,'Egito','https://flagcdn.com/eg.svg','G'),(27,'RI do Irã','https://flagcdn.com/ir.svg','G'),(28,'Nova Zelândia','https://flagcdn.com/nz.svg','G'),(29,'Espanha','https://flagcdn.com/es.svg','H'),(30,'Cabo Verde','https://flagcdn.com/cv.svg','H'),(31,'Arábia Saudita','https://flagcdn.com/sa.svg','H'),(32,'Uruguai','https://flagcdn.com/uy.svg','H'),(33,'França','https://flagcdn.com/fr.svg','I'),(34,'Senegal','https://flagcdn.com/sn.svg','I'),(35,'Noruega','https://flagcdn.com/no.svg','I'),(36,'Iraque','https://flagcdn.com/iq.svg','I'),(37,'Argentina','https://flagcdn.com/ar.svg','J'),(38,'Argélia','https://flagcdn.com/dz.svg','J'),(39,'Áustria','https://flagcdn.com/at.svg','J'),(40,'Jordânia','https://flagcdn.com/jo.svg','J'),(41,'Portugal','https://flagcdn.com/pt.svg','K'),(42,'RD do Congo','https://flagcdn.com/cd.svg','K'),(43,'Uzbequistão','https://flagcdn.com/uz.svg','K'),(44,'Colômbia','https://flagcdn.com/co.svg','K'),(45,'Inglaterra','https://flagcdn.com/gb-eng.svg','L'),(46,'Croácia','https://flagcdn.com/hr.svg','L'),(47,'Gana','https://flagcdn.com/gh.svg','L'),(48,'Panamá','https://flagcdn.com/pa.svg','L');
/*!40000 ALTER TABLE `Time` ENABLE KEYS */;
UNLOCK TABLES;

--
-- Table structure for table `Usuario`
--

DROP TABLE IF EXISTS `Usuario`;
/*!40101 SET @saved_cs_client     = @@character_set_client */;
/*!50503 SET character_set_client = utf8mb4 */;
CREATE TABLE `Usuario` (
  `id` int NOT NULL AUTO_INCREMENT,
  `nome` varchar(191) COLLATE utf8mb4_unicode_ci NOT NULL,
  `email` varchar(191) COLLATE utf8mb4_unicode_ci NOT NULL,
  `senha` varchar(191) COLLATE utf8mb4_unicode_ci NOT NULL,
  `perfil` enum('ADMIN','USER') COLLATE utf8mb4_unicode_ci NOT NULL DEFAULT 'USER',
  `pontos` int NOT NULL DEFAULT '0',
  PRIMARY KEY (`id`),
  UNIQUE KEY `Usuario_email_key` (`email`)
) ENGINE=InnoDB AUTO_INCREMENT=13 DEFAULT CHARSET=utf8mb4 COLLATE=utf8mb4_unicode_ci;
/*!40101 SET character_set_client = @saved_cs_client */;

--
-- Dumping data for table `Usuario`
--

LOCK TABLES `Usuario` WRITE;
/*!40000 ALTER TABLE `Usuario` DISABLE KEYS */;
INSERT INTO `Usuario` VALUES (1,'Admin','admin@','$2b$10$CkS9EB.3qZU8SYaCCqkNceQRTM1Ut.MVgXHiweBPSixSQeuqqjpam','ADMIN',0),(2,'Rennan ','rennan_lm@hotmail.com','$2b$10$09iwKS3NoDGeP4zeDM5TnO1P2EWFvCXkEU5WlRn1itj/7TW3wJgeC','USER',0),(3,'Marcelo','engmar27@gmail.com','$2b$10$w9z1FjuzIndRPV6v3w96kun7EhD2XA5h8ZepfrPiuU4g0.gsMyhBy','USER',0),(4,'Luiz ','luizw2008@hotmail.com','$2b$10$F.oPpE7cDJW5mcrEbrgmUepeMvuuXxNFJgEGPbuun4IHELXb5lb2a','USER',0),(5,'Michel Pedroso ','mtpbrindes@gmail.com','$2b$10$psD6jLVtHVV/P9PVgZadieTom/Qvka7YOysCD9CPvCeaA2SGwqVui','USER',0),(6,'Ruy','ruylm@hotmail.com','$2b$10$YZf5qCgSEUtPTKPX.MWKCe5XXlcIRCHKtYmTl6lInz8nyFfoHO5fq','USER',0),(7,'Ruy Pai','ruy.meirelles@hotmail.com','$2b$10$WyBD04c.x9ybrLaz.4Jj2eeIxd4O8NXJe4Pwtf8xH7fFKpfd3FCaW','USER',0),(8,'Robson','robsooonm@gmail.com','$2b$10$aMxnjwd9BocvMLXo3iJrN.B7Vfk76FKelu.GanS.cLwhQJh7odVPu','USER',0),(9,'Ruy Pai 2','ruy.meirelles@gmail.com','$2b$10$UqmZ02dbAnhnMPM9nr45Ne41YSCTlQQdcTLQPEh2HawPtz5Nzf.aC','USER',0),(10,'Raphael','raphaqueller@icloud.com','$2b$10$w4ZFdjyP5Ze2wlaRMUh0cepHC0okQOdD5pgvK8ENXvIDm/E.SckuS','USER',0),(11,'Samuel Carvalho ','samuelcjr71@gmail.com','$2b$10$S9RAxEDY7aEXV5UPELRmneBbLfbsP94lFMIZxXuDQKlG9QLmM.IFq','USER',0),(12,'Felipe ','felipe.fabienski2015@gmail.com','$2b$10$9y19WCQp4Tu/Juh3zygFYOAQCwfu0A4t1sLmSVRNOBs2roX0YNUnW','USER',0);
/*!40000 ALTER TABLE `Usuario` ENABLE KEYS */;
UNLOCK TABLES;

--
-- Table structure for table `_GrupoUsuarioToUsuario`
--

DROP TABLE IF EXISTS `_GrupoUsuarioToUsuario`;
/*!40101 SET @saved_cs_client     = @@character_set_client */;
/*!50503 SET character_set_client = utf8mb4 */;
CREATE TABLE `_GrupoUsuarioToUsuario` (
  `A` int NOT NULL,
  `B` int NOT NULL,
  UNIQUE KEY `_GrupoUsuarioToUsuario_AB_unique` (`A`,`B`),
  KEY `_GrupoUsuarioToUsuario_B_index` (`B`),
  CONSTRAINT `_GrupoUsuarioToUsuario_A_fkey` FOREIGN KEY (`A`) REFERENCES `GrupoUsuario` (`id`) ON DELETE CASCADE ON UPDATE CASCADE,
  CONSTRAINT `_GrupoUsuarioToUsuario_B_fkey` FOREIGN KEY (`B`) REFERENCES `Usuario` (`id`) ON DELETE CASCADE ON UPDATE CASCADE
) ENGINE=InnoDB DEFAULT CHARSET=utf8mb4 COLLATE=utf8mb4_unicode_ci;
/*!40101 SET character_set_client = @saved_cs_client */;

--
-- Dumping data for table `_GrupoUsuarioToUsuario`
--

LOCK TABLES `_GrupoUsuarioToUsuario` WRITE;
/*!40000 ALTER TABLE `_GrupoUsuarioToUsuario` DISABLE KEYS */;
INSERT INTO `_GrupoUsuarioToUsuario` VALUES (3,2),(2,3),(3,4),(3,5),(3,6),(3,7),(3,8),(3,9),(3,10),(3,11),(3,12);
/*!40000 ALTER TABLE `_GrupoUsuarioToUsuario` ENABLE KEYS */;
UNLOCK TABLES;

--
-- Table structure for table `_prisma_migrations`
--

DROP TABLE IF EXISTS `_prisma_migrations`;
/*!40101 SET @saved_cs_client     = @@character_set_client */;
/*!50503 SET character_set_client = utf8mb4 */;
CREATE TABLE `_prisma_migrations` (
  `id` varchar(36) COLLATE utf8mb4_unicode_ci NOT NULL,
  `checksum` varchar(64) COLLATE utf8mb4_unicode_ci NOT NULL,
  `finished_at` datetime(3) DEFAULT NULL,
  `migration_name` varchar(255) COLLATE utf8mb4_unicode_ci NOT NULL,
  `logs` text COLLATE utf8mb4_unicode_ci,
  `rolled_back_at` datetime(3) DEFAULT NULL,
  `started_at` datetime(3) NOT NULL DEFAULT CURRENT_TIMESTAMP(3),
  `applied_steps_count` int unsigned NOT NULL DEFAULT '0',
  PRIMARY KEY (`id`)
) ENGINE=InnoDB DEFAULT CHARSET=utf8mb4 COLLATE=utf8mb4_unicode_ci;
/*!40101 SET character_set_client = @saved_cs_client */;

--
-- Dumping data for table `_prisma_migrations`
--

LOCK TABLES `_prisma_migrations` WRITE;
/*!40000 ALTER TABLE `_prisma_migrations` DISABLE KEYS */;
INSERT INTO `_prisma_migrations` VALUES ('afc65c6e-7287-475c-98b8-9e2dc0c99175','2d501e11d0719fe82f2ba580f16402359e2f6e2c3540f43e1b48535ffc007d97','2026-05-08 20:18:43.050','20260508201842',NULL,NULL,'2026-05-08 20:18:42.623',1);
/*!40000 ALTER TABLE `_prisma_migrations` ENABLE KEYS */;
UNLOCK TABLES;
/*!40103 SET TIME_ZONE=@OLD_TIME_ZONE */;

/*!40101 SET SQL_MODE=@OLD_SQL_MODE */;
/*!40014 SET FOREIGN_KEY_CHECKS=@OLD_FOREIGN_KEY_CHECKS */;
/*!40014 SET UNIQUE_CHECKS=@OLD_UNIQUE_CHECKS */;
/*!40101 SET CHARACTER_SET_CLIENT=@OLD_CHARACTER_SET_CLIENT */;
/*!40101 SET CHARACTER_SET_RESULTS=@OLD_CHARACTER_SET_RESULTS */;
/*!40101 SET COLLATION_CONNECTION=@OLD_COLLATION_CONNECTION */;
/*!40111 SET SQL_NOTES=@OLD_SQL_NOTES */;

-- Dump completed on 2026-06-25 17:05:18
